Workbook
Name Slicer_YEAR: #N/A

Sheet RawData
A1: Date | B1: AMZN | C1: DPZ | D1: BTC | E1: NFLX | F1: YEAR | G1: MONTH | H1: QUARTER | I1: AMZN Change % | J1: BTC Change % | K1: Volatility Flag | L1: Date (Numeric) | M1: Total AMZN Price (2015) | N1: Days BTC > $1000 | O1: AMZN price on 1/15/2016 (XLOOKUP) | P1: AMZN price (INDEX-MATCH)
A2: 41395 | B2: 248.23 | C2: 51.190983 | D2: 106.25 | E2: 30.415714 | F2: =YEAR(A2) -> 2013 | G2: =TEXT(A2,"MMM") -> May | H2: ="Q"&ROUNDUP(MONTH(A2)/3,0) -> Q2 | I2: =(B3-B2)/B2 -> 0.017403243 | J2: =(D3-D2)/D2 -> -0.076705901 | K2: =IF(J2="","",IF(ABS(J2)>0.05,"High Volatility","Normal")) -> High Volatility | L2: =VALUE(A2) -> 41395 | M2: =SUMIF(F:F,2015,B:B) -> 120490.85 | N2: =COUNTIF(D:D,">1000") -> 579 | O2: =_xlfn.XLOOKUP(DATE(2016,1,15),L:L,B:B) -> 570.17999 | P2: =INDEX(B:B,MATCH(DATE(2016,1,15),L:L,0)) -> 570.17999
A3: 41396 | B3: 252.55 | C3: 51.98732 | D3: 98.099998 | E3: 30.641428 | F3: =YEAR(A3) -> 2013 | G3: =TEXT(A3,"MMM") -> May | H3: ="Q"&ROUNDUP(MONTH(A3)/3,0) -> Q2 | I3: =(B4-B3)/B3 -> 0.021777806 | J3: =(D4-D3)/D3 -> 0.15086651 | K3: =IF(J3="","",IF(ABS(J3)>0.05,"High Volatility","Normal")) -> High Volatility | L3: =VALUE(A3) -> 41396
A4: 41397 | B4: 258.04999 | C4: 52.446388 | D4: 112.9 | E4: 30.492857 | F4: =YEAR(A4) -> 2013 | G4: =TEXT(A4,"MMM") -> May | H4: ="Q"&ROUNDUP(MONTH(A4)/3,0) -> Q2 | I4: =(B5-B4)/B4 -> -0.0090292079 | J4: =(D5-D4)/D4 -> -0.029229441 | K4: =IF(J4="","",IF(ABS(J4)>0.05,"High Volatility","Normal")) -> Normal | L4: =VALUE(A4) -> 41397
A5: 41400 | B5: 255.72 | C5: 53.205257 | D5: 109.6 | E5: 30.098572 | F5: =YEAR(A5) -> 2013 | G5: =TEXT(A5,"MMM") -> May | H5: ="Q"&ROUNDUP(MONTH(A5)/3,0) -> Q2 | I5: =(B6-B5)/B5 -> 0.0078601986 | J5: =(D6-D5)/D5 -> 0.032846707 | K5: =IF(J5="","",IF(ABS(J5)>0.05,"High Volatility","Normal")) -> Normal | L5: =VALUE(A5) -> 41400
A6: 41401 | B6: 257.73001 | C6: 54.151505 | D6: 113.2 | E6: 29.464285 | F6: =YEAR(A6) -> 2013 | G6: =TEXT(A6,"MMM") -> May | H6: ="Q"&ROUNDUP(MONTH(A6)/3,0) -> Q2 | I6: =(B7-B6)/B6 -> 0.003685958 | J6: =(D7-D6)/D6 -> -0.003533516 | K6: =IF(J6="","",IF(ABS(J6)>0.05,"High Volatility","Normal")) -> Normal | L6: =VALUE(A6) -> 41401
A7: 41402 | B7: 258.67999 | C7: 54.385727 | D7: 112.8 | E7: 29.801428 | F7: =YEAR(A7) -> 2013 | G7: =TEXT(A7,"MMM") -> May | H7: ="Q"&ROUNDUP(MONTH(A7)/3,0) -> Q2 | I7: =(B8-B7)/B7 -> 0.0057213972 | J7: =(D8-D7)/D7 -> 0.043439662 | K7: =IF(J7="","",IF(ABS(J7)>0.05,"High Volatility","Normal")) -> Normal | L7: =VALUE(A7) -> 41402
A8: 41403 | B8: 260.16 | C8: 54.02034 | D8: 117.7 | E8: 30.915714 | F8: =YEAR(A8) -> 2013 | G8: =TEXT(A8,"MMM") -> May | H8: ="Q"&ROUNDUP(MONTH(A8)/3,0) -> Q2 | I8: =(B9-B8)/B8 -> 0.01333795 | J8: =(D9-D8)/D8 -> -0.017502107 | K8: =IF(J8="","",IF(ABS(J8)>0.05,"High Volatility","Normal")) -> Normal | L8: =VALUE(A8) -> 41403
A9: 41404 | B9: 263.63 | C9: 54.35762 | D9: 115.64 | E9: 31.098572 | F9: =YEAR(A9) -> 2013 | G9: =TEXT(A9,"MMM") -> May | H9: ="Q"&ROUNDUP(MONTH(A9)/3,0) -> Q2 | I9: =(B10-B9)/B9 -> 0.0033380305 | J9: =(D10-D9)/D9 -> -0.036665488 | K9: =IF(J9="","",IF(ABS(J9)>0.05,"High Volatility","Normal")) -> Normal | L9: =VALUE(A9) -> 41404
A10: 41407 | B10: 264.51001 | C10: 54.573097 | D10: 111.4 | E10: 32.76857 | F10: =YEAR(A10) -> 2013 | G10: =TEXT(A10,"MMM") -> May | H10: ="Q"&ROUNDUP(MONTH(A10)/3,0) -> Q2 | I10: =(B11-B10)/B10 -> 0.014441711 | J10: =(D11-D10)/D10 -> 0.025314174 | K10: =IF(J10="","",IF(ABS(J10)>0.05,"High Volatility","Normal")) -> Normal | L10: =VALUE(A10) -> 41407
A11: 41408 | B11: 268.32999 | C11: 55.275757 | D11: 114.22 | E11: 33.424286 | F11: =YEAR(A11) -> 2013 | G11: =TEXT(A11,"MMM") -> May | H11: ="Q"&ROUNDUP(MONTH(A11)/3,0) -> Q2 | I11: =(B12-B11)/B11 -> -0.0065963146 | J11: =(D12-D11)/D11 -> 0.034932568 | K11: =IF(J11="","",IF(ABS(J11)>0.05,"High Volatility","Normal")) -> Normal | L11: =VALUE(A11) -> 41408
A12: 41409 | B12: 266.56 | C12: 54.001606 | D12: 118.21 | E12: 34.771427 | F12: =YEAR(A12) -> 2013 | G12: =TEXT(A12,"MMM") -> May | H12: ="Q"&ROUNDUP(MONTH(A12)/3,0) -> Q2 | I12: =(B13-B12)/B12 -> -0.0091536728 | J12: =(D13-D12)/D12 -> 0.044750876 | K12: =IF(J12="","",IF(ABS(J12)>0.05,"High Volatility","Normal")) -> Normal | L12: =VALUE(A12) -> 41409
A13: 41410 | B13: 264.12 | C13: 53.364532 | D13: 123.5 | E13: 33.861427 | F13: =YEAR(A13) -> 2013 | G13: =TEXT(A13,"MMM") -> May | H13: ="Q"&ROUNDUP(MONTH(A13)/3,0) -> Q2 | I13: =(B14-B13)/B13 -> 0.021883989 | J13: =(D14-D13)/D13 -> -0.0023481862 | K13: =IF(J13="","",IF(ABS(J13)>0.05,"High Volatility","Normal")) -> Normal | L13: =VALUE(A13) -> 41410
A14: 41411 | B14: 269.89999 | C14: 53.93602 | D14: 123.21 | E14: 34.142857 | F14: =YEAR(A14) -> 2013 | G14: =TEXT(A14,"MMM") -> May | H14: ="Q"&ROUNDUP(MONTH(A14)/3,0) -> Q2 | I14: =(B15-B14)/B14 -> -0.0084104818 | J14: =(D15-D14)/D14 -> -0.0025971918 | K14: =IF(J14="","",IF(ABS(J14)>0.05,"High Volatility","Normal")) -> Normal | L14: =VALUE(A14) -> 41411
... A1521: 43599 | B1521: 1840.12 | C1521: 272.85998 | D1521: 8183.8301 | E1521: 345.60998 | F1521: =YEAR(A1521) -> 2019 | G1521: =TEXT(A1521,"MMM") -> May | H1521: ="Q"&ROUNDUP(MONTH(A1521)/3,0) -> Q2 | I1521: =(B1522-B1521)/B1521 -> -1 | J1521: =(D1522-D1521)/D1521 -> -1 | K1521: =IF(J1521="","",IF(ABS(J1521)>0.05,"High Volatility","Normal")) -> High Volatility | L1521: =VALUE(A1521) -> 43599

Sheet PivotByYear
A3: YEAR | B3: Average of DPZ | C3: Average of NFLX | D3: Average of BTC | E3: Average of AMZN
A4: 2013 | B4: 60.22376 | C4: 40.823025 | D4: 268.08812 | E4: 313.85282
A5: 2014 | B5: 74.058893 | C5: 57.495119 | D5: 521.88214 | E5: 332.55103
A6: 2015 | B6: 102.73599 | C6: 91.895674 | D6: 272.11694 | E6: 478.1383
A7: 2016 | B7: 135.24067 | C7: 102.03036 | D7: 567.78302 | E7: 699.52313
A8: 2017 | B8: 186.01384 | C8: 165.37426 | D8: 3981.532 | E8: 968.16701
A9: 2018 | B9: 252.84711 | C9: 319.29032 | D9: 7524.1075 | E9: 1641.7262
A10: 2019 | B10: 261.6074 | C10: 353.33609 | D10: 4390.959 | E10: 1736.2157
A11: Grand Total | B11: 146.77169 | C11: 147.66827 | D11: 2421.4657 | E11: 821.54181

Sheet PivotByQuarter
A3: YEAR | B3: QUARTER | C3: Average of BTC
A4: 2013 | B4: Q2 | C4: 113.80929
B5: Q3 | C5: 114.10703
B6: Q4 | C6: 523.31469
A7: 2013 Total | C7: 268.08812
A8: 2014 | B8: Q1 | C8: 681.45279
B9: Q2 | C9: 522.68746
B10: Q3 | C10: 533.42156
B11: Q4 | C11: 357.45922
A12: 2014 Total | C12: 521.88214
A13: 2015 | B13: Q1 | C13: 250.72721
B14: Q2 | C14: 236.60413
B15: Q3 | C15: 253.99375
B16: Q4 | C16: 345.58516
A17: 2015 Total | C17: 272.11694
A18: 2016 | B18: Q1 | C18: 410.25131
B19: Q2 | C19: 512.84141
B20: Q3 | C20: 612.65406
B21: Q4 | C21: 730.54413
A22: 2016 Total | C22: 567.78302
A23: 2017 | B23: Q1 | C23: 1041.964
B24: Q2 | C24: 1951.8737
B25: Q3 | C25: 3525.4629
B26: Q4 | C26: 9360.1675
A27: 2017 Total | C27: 3981.532
A28: 2018 | B28: Q1 | C28: 10369.98
B29: Q2 | C29: 7745.7044
B30: Q3 | C30: 6802.7121
B31: Q4 | C31: 5264.8613
A32: 2018 Total | C32: 7524.1075
A33: 2019 | B33: Q1 | C33: 3772.8487
B34: Q2 | C34: 5607.2406
A35: 2019 Total | C35: 4390.959
A36: Grand Total | C36: 2421.4657

Sheet Dashboard
A1: Portfolio Performance Dashboard (AMZN, BTC, DPZ, NFLX)
A3: Highest BTC Price: | B3: =TEXT(MAX(RawData!D:D),"$#,##0.00") -> $18,972.32
A4: Lowest BTC Price: | B4: =TEXT(MIN(RawData!D:D),"$#,##0.00") -> $69.66
A5: AMZN Total Growth: | B5: =TEXT((MAX(RawData!B:B)-MIN(RawData!B:B))/MIN(RawData!B:B),"0.0%") -> 721.6%
A6: Days BTC Closed Above $1000: | B6: =RawData!N2 -> 579
A7: Total AMZN Price Sum (2015): | B7: =RawData!M2 -> 120490.85
